{
  "cluster_sizes": {
    "0": 700,
    "1": 1058,
    "2": 7,
    "3": 515
  },
  "cluster_means": {
    "Glucose": {
      "0": 0.6010552067769083,
      "1": -0.16585253568100974,
      "2": -0.17770710516109967,
      "3": -0.4738305092372795
    },
    "Urea": {
      "0": 0.606791408985755,
      "1": -0.22295962776826184,
      "2": 1.0634431044360233,
      "3": -0.38117825600438765
    },
    "Creatinine": {
      "0": 0.06422005887587011,
      "1": -0.0426394199371001,
      "2": 1.0800646265487226,
      "3": -0.014372790884461924
    },
    "Sodium": {
      "0": 0.07483106042123701,
      "1": -0.034438545335486744,
      "2": 0.07073623725151115,
      "3": -0.03192410677802135
    },
    "Potassium": {
      "0": -0.04247175951897456,
      "1": -0.023381228710199046,
      "2": -0.08403191089996635,
      "3": 0.10690445633975246
    },
    "TB": {
      "0": 0.052873386103003454,
      "1": -0.07249861423759578,
      "2": 15.901675427827474,
      "3": -0.13906711534663763
    },
    "DB": {
      "0": 0.02281553636640701,
      "1": -0.0993709440347378,
      "2": 14.62680564591882,
      "3": -0.025677779008085638
    },
    "ALT": {
      "0": 0.2200834856322247,
      "1": -0.06857702541182999,
      "2": 0.6040105204258739,
      "3": -0.16646994310645113
    },
    "AST": {
      "0": 0.21531976241585873,
      "1": -0.11840189388782374,
      "2": 0.9559620679271489,
      "3": -0.06242012511315282
    },
    "ALP": {
      "0": 0.3816432214275322,
      "1": -0.1882519841924981,
      "2": -0.23964376591234776,
      "3": -0.1287420375965501
    },
    "Total Protein": {
      "0": -0.333210207437931,
      "1": -0.09119563332757008,
      "2": -0.048222790106989454,
      "3": 0.6409120093162528
    },
    "Albubin": {
      "0": -0.19575054649861284,
      "1": -0.24186046885190698,
      "2": -0.7349526942847955,
      "3": 0.7729289853482341
    },
    "Ferritin": {
      "0": -0.5457283144742812,
      "1": -0.40544724662611514,
      "2": 0.6975242077725127,
      "3": 1.5652239565204251
    },
    "Hemoglobin": {
      "0": -0.0733630168377776,
      "1": 0.005410930018893134,
      "2": -0.16678988517521498,
      "3": 0.09086772237413984
    },
    "WBC": {
      "0": 0.8551505080204993,
      "1": -0.46919241449953436,
      "2": 0.059306005156886714,
      "3": -0.1992522778833792
    },
    "Platelet": {
      "0": 0.04948629968839912,
      "1": -0.1948201579487905,
      "2": 0.2169612996028274,
      "3": 0.3300205596713036
    },
    "CRP": {
      "0": 0.6927746678720362,
      "1": -0.2693223345098574,
      "2": 0.6441255293424337,
      "3": -0.3971031384551323
    },
    "PCT": {
      "0": 0.20751704134997903,
      "1": -0.1570746978284548,
      "2": 0.8889313462979759,
      "3": 0.028544819288221456
    },
    "PT": {
      "0": -0.019806334726284968,
      "1": 0.002450669209677516,
      "2": 0.3932186488508562,
      "3": 0.01654193348078564
    },
    "D-Dimer": {
      "0": 0.5376330461210436,
      "1": -0.29730232713172583,
      "2": 0.8129613620314396,
      "3": -0.1310446596380286
    },
    "Troponin": {
      "0": 0.503738916787464,
      "1": 0.5329136356536012,
      "2": -0.7718060505494638,
      "3": -1.7690043221725993
    },
    "CPK-MB": {
      "0": -0.5058875008361446,
      "1": -0.5220424008449456,
      "2": 0.7589743466523737,
      "3": 1.7497656121411402
    },
    "LDH": {
      "0": -0.04836511113674175,
      "1": -0.5088743734197595,
      "2": 0.28262442548342037,
      "3": 1.1073131920299824
    },
    "Tested_Troponin": {
      "0": -0.503738916787464,
      "1": -0.5329136356536012,
      "2": 0.7718060505494638,
      "3": 1.7690043221725993
    },
    "Missing_PCT": {
      "0": 0.4099756322876062,
      "1": -0.8178781077589656,
      "2": 1.123345344008138,
      "3": 1.1077061708730183
    },
    "Missing_Total Protein": {
      "0": 0.5760037290465592,
      "1": -0.8982432728100406,
      "2": 0.7734778108405024,
      "3": 1.0518920924748505
    },
    "Missing_PT": {
      "0": 0.28521534063136234,
      "1": -0.6768314483155202,
      "2": 0.4710944676391366,
      "3": 0.9963869370920253
    },
    "Missing_Albubin": {
      "0": 0.6222712731060178,
      "1": -0.9071466833746996,
      "2": 1.0194881033363579,
      "3": 1.0039512293453687
    },
    "Missing_D-Dimer": {
      "0": 0.08679644012584345,
      "1": -0.3725036662846527,
      "2": 0.66355348068629,
      "3": 0.6382650417014912
    },
    "Tested_CPK-MB": {
      "0": -0.5061136608394537,
      "1": -0.5230793711093294,
      "2": 0.7598700263812805,
      "3": 1.7521911592944062
    },
    "Tested_Ferritin": {
      "0": -0.5553740525601744,
      "1": -0.4469381743676808,
      "2": 0.7539711614076084,
      "3": 1.662805101249078
    },
    "Tested_LDH": {
      "0": -0.15110992055095637,
      "1": -0.5749245207755975,
      "2": 0.48445539312848124,
      "3": 1.379914368183208
    },
    "Age_Group_Encoded": {
      "0": -0.03961300942508249,
      "1": -0.03645229586239261,
      "2": 0.0593040549156642,
      "3": 0.12792331502050414
    },
    "Gender_Encoded": {
      "0": 0.045655252216181295,
      "1": -0.030036485870088697,
      "2": 0.12563639411794902,
      "3": -0.002057338368152633
    }
  },
  "cluster_stds": {
    "Glucose": {
      "0": 0.9878336250662401,
      "1": 1.0173876516703624,
      "2": 0.9182338793208423,
      "3": 0.44313407810858174
    },
    "Urea": {
      "0": 1.14390880962221,
      "1": 0.7176306867409197,
      "2": 2.1752019115288825,
      "3": 0.881639717948102
    },
    "Creatinine": {
      "0": 0.9526897047954481,
      "1": 0.9272042895350637,
      "2": 2.2092527127517827,
      "3": 1.1623944120509613
    },
    "Sodium": {
      "0": 1.2391721519972962,
      "1": 1.034570091940602,
      "2": 0.5340114275118134,
      "3": 0.36335645273305606
    },
    "Potassium": {
      "0": 0.1935888286548801,
      "1": 0.6060813216770138,
      "2": 0.15795801005392496,
      "3": 1.9010570810799499
    },
    "TB": {
      "0": 0.5236526192534899,
      "1": 0.18907376597261247,
      "2": 3.7134619809972804,
      "3": 0.592231943110807
    },
    "DB": {
      "0": 0.5776941952378338,
      "1": 0.2170141832392062,
      "2": 6.712271172757168,
      "3": 0.6510390889795871
    },
    "ALT": {
      "0": 1.5449983187866563,
      "1": 0.6385184562732357,
      "2": 0.9066024220869584,
      "3": 0.482957898582193
    },
    "AST": {
      "0": 1.5780473044815269,
      "1": 0.5019246456369856,
      "2": 2.0726294822890377,
      "3": 0.6105020380265912
    },
    "ALP": {
      "0": 1.363567283389561,
      "1": 0.7019533119162081,
      "2": 0.3787327223504589,
      "3": 0.7769351431919302
    },
    "Total Protein": {
      "0": 0.5157451325139746,
      "1": 0.08768085484002114,
      "2": 1.1293111327785348,
      "3": 1.861033673762064
    },
    "Albubin": {
      "0": 0.8769939886241647,
      "1": 0.25842729506020645,
      "2": 0.905860233150334,
      "3": 1.5698442566812054
    },
    "Ferritin": {
      "0": 0.22828296714717466,
      "1": 0.6798468273593782,
      "2": 1.1806701092518486,
      "3": 0.43922287327887044
    },
    "Hemoglobin": {
      "0": 0.34300302790590875,
      "1": 0.8120164084506516,
      "2": 0.25996544197530236,
      "3": 1.703827291525029
    },
    "WBC": {
      "0": 1.155760778982605,
      "1": 0.5965327124692035,
      "2": 1.0448256907960154,
      "3": 0.6211647343712551
    },
    "Platelet": {
      "0": 1.1418883559245054,
      "1": 0.8581716297892766,
      "2": 0.9443018883129916,
      "3": 0.9728714966821576
    },
    "CRP": {
      "0": 1.202987212935926,
      "1": 0.6954206536129388,
      "2": 1.2347163041574762,
      "3": 0.6992036604313222
    },
    "PCT": {
      "0": 1.6145656856603419,
      "1": 0.11211558346110038,
      "2": 1.4457315719112414,
      "3": 0.8482129768702396
    },
    "PT": {
      "0": 0.05114609541506493,
      "1": 1.46068610134077,