{
  "cluster_sizes": {
    "0": 499,
    "1": 367,
    "2": 366
  },
  "cluster_means": {
    "Glucose": {
      "0": -0.2154266042220044,
      "1": -0.1244575402065048,
      "2": 0.418507630498819
    },
    "Urea": {
      "0": -0.39606929509424244,
      "1": -0.11253743351966744,
      "2": 0.6528410282889205
    },
    "Creatinine": {
      "0": -0.05394366329733252,
      "1": 0.0940753063891402,
      "2": -0.02078620070886764
    },
    "Sodium": {
      "0": -0.048774211625956757,
      "1": -0.06819315935018402,
      "2": 0.1348776532318876
    },
    "Potassium": {
      "0": -0.03432514213256232,
      "1": 0.07308600479073923,
      "2": -0.02648720719686535
    },
    "TB": {
      "0": -0.10025840934099707,
      "1": -0.04723632054476678,
      "2": 0.18405649153302414
    },
    "DB": {
      "0": -0.10350641844303006,
      "1": -0.05692099187589648,
      "2": 0.19819592027739288
    },
    "ALT": {
      "0": -0.12129270568862228,
      "1": -0.0313927613853254,
      "2": 0.19684755072960916
    },
    "AST": {
      "0": -0.1353739714616999,
      "1": -0.068524929392628,
      "2": 0.2532794012198984
    },
    "ALP": {
      "0": -0.2552184584003168,
      "1": 0.005858796821948688,
      "2": 0.3420869735194071
    },
    "Total Protein": {
      "0": -0.5689561210641012,
      "1": -0.5227624097981796,
      "2": 1.2998986579424006
    },
    "Albubin": {
      "0": -0.5950723068652185,
      "1": -0.5411330182950479,
      "2": 1.3539259531148267
    },
    "Hemoglobin": {
      "0": 0.2771715678110688,
      "1": -0.15829559295694998,
      "2": -0.21916428885934988
    },
    "WBC": {
      "0": -0.29806532754032417,
      "1": -0.5363072009096674,
      "2": 0.9441512054001907
    },
    "Platelet": {
      "0": 0.19085523144627262,
      "1": -0.4352355249993311,
      "2": 0.17621496498105008
    },
    "CRP": {
      "0": -0.04588338192396615,
      "1": -0.546224802257138,
      "2": 0.6102740710612813
    },
    "PCT": {
      "0": -0.39615189893740743,
      "1": -0.4384680120288249,
      "2": 0.9797747485911069
    },
    "PT": {
      "0": -0.09181244472603997,
      "1": -0.5867061548713852,
      "2": 0.7134851605357715
    },
    "D-Dimer": {
      "0": -0.22820576310093965,
      "1": -0.4267302615834713,
      "2": 0.7390291852144886
    },
    "Troponin": {
      "0": 0.16590037908279942,
      "1": 0.014013383519255612,
      "2": -0.24023825386307002
    },
    "Tested_Troponin": {
      "0": -0.1659003790827993,
      "1": -0.014013383519255506,
      "2": 0.2402382538630701
    },
    "Missing_D-Dimer": {
      "0": 0.7565469136465016,
      "1": -1.2354732716063388,
      "2": 0.20738191467191852
    },
    "Missing_CRP": {
      "0": 0.7374187812008284,
      "1": -1.2075558476675843,
      "2": 0.20546727943931686
    },
    "Missing_Hemoglobin": {
      "0": 0.4292786894032126,
      "1": -1.095294932009539,
      "2": 0.5130141367084641
    },
    "Tested_PCT": {
      "0": -0.39584606670542954,
      "1": -0.4384349539260926,
      "2": 0.9793246321772824
    },
    "Tested_Total Protein": {
      "0": -0.5689579699073801,
      "1": -0.5230949844140049,
      "2": 1.3002346619227392
    },
    "Tested_Albubin": {
      "0": -0.5950772471679869,
      "1": -0.5411250973938325,
      "2": 1.3539247461212072
    },
    "Tested_PT": {
      "0": -0.08981343814700776,
      "1": -0.5885371628054222,
      "2": 0.7125957496856469
    },
    "Age_Group_Encoded": {
      "0": 0.030581854222960118,
      "1": -0.009322196879576286,
      "2": -0.03234726503402327
    },
    "Gender_Encoded": {
      "0": 0.0029491122266128897,
      "1": 0.05341091349968206,
      "2": -0.05757762911328727
    }
  },
  "cluster_stds": {
    "Glucose": {
      "0": 0.8930249551747627,
      "1": 1.0628719803695534,
      "2": 0.9485853061770126
    },
    "Urea": {
      "0": 0.4675220713393734,
      "1": 0.8876902505584128,
      "2": 1.2776548401355985
    },
    "Creatinine": {
      "0": 0.1118131537888469,
      "1": 1.8204928991233917,
      "2": 0.14730984232448951
    },
    "Sodium": {
      "0": 0.09065757534707253,
      "1": 0.39679629291377994,
      "2": 1.7832779712060016
    },
    "Potassium": {
      "0": 0.060121425811990786,
      "1": 1.800213943356864,
      "2": 0.33626868263877285
    },
    "TB": {
      "0": 0.32364873906548336,
      "1": 0.19051778676132533,
      "2": 1.7737175010971113
    },
    "DB": {
      "0": 0.3874880933870178,
      "1": 0.3655486790769806,
      "2": 1.726035521688078
    },
    "ALT": {
      "0": 0.5028848045921966,
      "1": 0.8728666068271682,
      "2": 1.4853809971204122
    },
    "AST": {
      "0": 0.3571480139984511,
      "1": 0.5942612064802167,
      "2": 1.659244815754214
    },
    "ALP": {
      "0": 0.4439548748421484,
      "1": 1.0776304910021597,
      "2": 1.317395436514949
    },
    "Total Protein": {
      "0": 0.1036772645070061,
      "1": 0.34105665511399924,
      "2": 0.9123275589949437
    },
    "Albubin": {
      "0": 0.17430092379920178,
      "1": 0.38441895135966825,
      "2": 0.7543394038089043
    },
    "Hemoglobin": {
      "0": 0.9859076841563643,
      "1": 0.6013307819900711,
      "2": 1.2280740364784675
    },
    "WBC": {
      "0": 0.6135734597273804,
      "1": 0.5101607396748201,
      "2": 1.1385026342518556
    },
    "Platelet": {
      "0": 0.9231424752711547,
      "1": 0.6700050109506474,
      "2": 1.2211002833984015
    },
    "CRP": {
      "0": 0.8717166994892496,
      "1": 0.3402644805061585,
      "2": 1.2434365794861653
    },
    "PCT": {
      "0": 0.5328994328199972,
      "1": 0.43543029242136827,
      "2": 1.1947032410400604
    },
    "PT": {
      "0": 0.9447521364862959,
      "1": 0.281002936882303,
      "2": 1.1001289439577155
    },
    "D-Dimer": {
      "0": 0.568754560112095,
      "1": 0.018562657160197175,
      "2": 1.460030788872634
    },
    "Troponin": {
      "0": 0.0,
      "1": 0.9592533831291886,
      "2": 1.5352384731290314
    },
    "Tested_Troponin": {
      "0": 0.0,
      "1": 0.9592533831291886,
      "2": 1.5352384731290312
    },
    "Missing_D-Dimer": {
      "0": 0.31388437483606235,
      "1": 0.10684310618004951,
      "2": 0.9322541676984923
    },
    "Missing_CRP": {
      "0": 0.26003715953733936,
      "1": 0.42291646440871644,
      "2": 0.9229293591831669
    },
    "Missing_Hemoglobin": {
      "0": 0.6939296290364315,
      "1": 0.8107025200153641,
      "2": 0.580704251646139
    },
    "Tested_PCT": {
      "0": 0.5344106079130637,
      "1": 0.43582492483895807,
      "2": 1.194158696192737
    },
    "Tested_Total Protein": {
      "0": 0.10372194408810108,
      "1": 0.3387970062297805,
      "2": 0.9124914875344368
    },
    "Tested_Albubin": {
      "0": 0.17423895856598925,
      "1": 0.3844647364310834,
      "2": 0.7543380951828842
    },
    "Tested_PT": {
      "0": 0.9519213804196518,
      "1": 0.2825604989678054,
      "2": 1.0910799895421368
    },
    "Age_Group_Encoded": {
      "0": 1.0033743644108366,
      "1": 1.0020107217181777,
      "2": 0.9962650647967836
    },
    "Gender_Encoded": {
      "0": 1.0017981933534952,
      "1": 1.0143350055706306,
      "2": 0.983945520644487
    }
  }
}