{
  "accuracy": 0.9957446808510638,
  "precision": 0.9915611814345991,
  "recall": 1.0,
  "f1": 0.9957627118644068,
  "roc_auc": 0.9999818922589407,
  "pr_auc": 0.9999819306227988,
  "confusion_matrix": [
    [
      233,
      2
    ],
    [
      0,
      235
    ]
  ]
}