antecedents,consequents,antecedent support,consequent support,support,confidence,lift,representativity,leverage,conviction,zhangs_metric,jaccard,certainty,kulczynski
frozenset({'乳酸脱氢酶(U/L)'}),frozenset({'铁蛋白(ng/mL)'}),0.4939271255060729,0.4979757085020243,0.3522267206477733,0.7131147540983607,1.4320271891243503,1.0,0.10626301037551836,1.7499132446500871,0.5961379310344826,0.5506329113924051,0.42854309888947645,0.7102159136345462
frozenset({'铁蛋白(ng/mL)'}),frozenset({'乳酸脱氢酶(U/L)'}),0.4979757085020243,0.4939271255060729,0.3522267206477733,0.7073170731707317,1.4320271891243501,1.0,0.10626301037551836,1.729082321187584,0.6009454949944382,0.5506329113924051,0.4216585365853658,0.7102159136345462
