Cluster,死亡率 (%),样本数,死亡数
0,3.508771929824561,513,18
1,6.036745406824147,381,23
2,12.189054726368159,402,49
